PARAMETER,Scenario,REGION,TECHNOLOGY,FUEL,EMISSION,MODE_OF_OPERATION,YEAR,TIMESLICE,SEASON,DAYTYPE,DAILYTIMEBRACKET,STORAGE,Value
TotalTechnologyAnnualActivityUpperLimit,BAU,CR,IMP_STOR,,,,2015,,,,,,0.0
TotalTechnologyAnnualActivityUpperLimit,BAU,CR,IMP_STOR,,,,2016,,,,,,0.0
TotalTechnologyAnnualActivityUpperLimit,BAU,CR,IMP_STOR,,,,2017,,,,,,0.0
TotalTechnologyAnnualActivityUpperLimit,BAU,CR,IMP_STOR,,,,2018,,,,,,0.0
TotalTechnologyAnnualActivityUpperLimit,BAU,CR,IMP_STOR,,,,2019,,,,,,0.0
TotalTechnologyAnnualActivityUpperLimit,BAU,CR,IMP_STOR,,,,2020,,,,,,0.0
TotalTechnologyAnnualActivityUpperLimit,BAU,CR,IMP_STOR,,,,2021,,,,,,0.0
TotalTechnologyAnnualActivityUpperLimit,BAU,CR,IMP_STOR,,,,2022,,,,,,0.0
TotalTechnologyAnnualActivityUpperLimit,BAU,CR,IMP_STOR,,,,2023,,,,,,0.0
TotalTechnologyAnnualActivityUpperLimit,BAU,CR,IMP_STOR,,,,2024,,,,,,0.0
TotalTechnologyAnnualActivityUpperLimit,BAU,CR,IMP_STOR,,,,2025,,,,,,0.0
TotalTechnologyAnnualActivityUpperLimit,BAU,CR,IMP_STOR,,,,2026,,,,,,0.0
TotalTechnologyAnnualActivityUpperLimit,BAU,CR,IMP_STOR,,,,2027,,,,,,0.0
TotalTechnologyAnnualActivityUpperLimit,BAU,CR,IMP_STOR,,,,2028,,,,,,0.0
TotalTechnologyAnnualActivityUpperLimit,BAU,CR,IMP_STOR,,,,2029,,,,,,0.0
TotalTechnologyAnnualActivityUpperLimit,BAU,CR,IMP_STOR,,,,2030,,,,,,0.0
TotalTechnologyAnnualActivityUpperLimit,BAU,CR,IMP_STOR,,,,2031,,,,,,0.0
TotalTechnologyAnnualActivityUpperLimit,BAU,CR,IMP_STOR,,,,2032,,,,,,0.0
TotalTechnologyAnnualActivityUpperLimit,BAU,CR,IMP_STOR,,,,2033,,,,,,0.0
TotalTechnologyAnnualActivityUpperLimit,BAU,CR,IMP_STOR,,,,2034,,,,,,0.0
TotalTechnologyAnnualActivityUpperLimit,BAU,CR,IMP_STOR,,,,2035,,,,,,0.0
TotalTechnologyAnnualActivityUpperLimit,BAU,CR,IMP_STOR,,,,2036,,,,,,0.0
TotalTechnologyAnnualActivityUpperLimit,BAU,CR,IMP_STOR,,,,2037,,,,,,0.0
TotalTechnologyAnnualActivityUpperLimit,BAU,CR,IMP_STOR,,,,2038,,,,,,0.0
TotalTechnologyAnnualActivityUpperLimit,BAU,CR,IMP_STOR,,,,2039,,,,,,0.0
TotalTechnologyAnnualActivityUpperLimit,BAU,CR,IMP_STOR,,,,2040,,,,,,0.0
TotalTechnologyAnnualActivityUpperLimit,BAU,CR,IMP_STOR,,,,2041,,,,,,0.0
TotalTechnologyAnnualActivityUpperLimit,BAU,CR,IMP_STOR,,,,2042,,,,,,0.0
TotalTechnologyAnnualActivityUpperLimit,BAU,CR,IMP_STOR,,,,2043,,,,,,0.0
TotalTechnologyAnnualActivityUpperLimit,BAU,CR,IMP_STOR,,,,2044,,,,,,0.0
TotalTechnologyAnnualActivityUpperLimit,BAU,CR,IMP_STOR,,,,2045,,,,,,0.0
TotalTechnologyAnnualActivityUpperLimit,BAU,CR,IMP_STOR,,,,2046,,,,,,0.0
TotalTechnologyAnnualActivityUpperLimit,BAU,CR,IMP_STOR,,,,2047,,,,,,0.0
TotalTechnologyAnnualActivityUpperLimit,BAU,CR,IMP_STOR,,,,2048,,,,,,0.0
TotalTechnologyAnnualActivityUpperLimit,BAU,CR,IMP_STOR,,,,2049,,,,,,0.0
TotalTechnologyAnnualActivityUpperLimit,BAU,CR,IMP_STOR,,,,2050,,,,,,0.0
TotalTechnologyAnnualActivityUpperLimit,BAU,CR,LIME_PROD,,,,2015,,,,,,0.0025
TotalTechnologyAnnualActivityUpperLimit,BAU,CR,LIME_PROD,,,,2016,,,,,,0.0022
TotalTechnologyAnnualActivityUpperLimit,BAU,CR,LIME_PROD,,,,2017,,,,,,0.002
TotalTechnologyAnnualActivityUpperLimit,BAU,CR,LIME_PROD,,,,2018,,,,,,0.002
TotalTechnologyAnnualActivityUpperLimit,BAU,CR,LIME_PROD,,,,2019,,,,,,0.002
TotalTechnologyAnnualActivityUpperLimit,BAU,CR,LIME_PROD,,,,2020,,,,,,0.002
TotalTechnologyAnnualActivityUpperLimit,BAU,CR,LIME_PROD,,,,2021,,,,,,0.0021
TotalTechnologyAnnualActivityUpperLimit,BAU,CR,LIME_PROD,,,,2022,,,,,,0.0021
TotalTechnologyAnnualActivityUpperLimit,BAU,CR,LIME_PROD,,,,2023,,,,,,0.0021
TotalTechnologyAnnualActivityUpperLimit,BAU,CR,LIME_PROD,,,,2024,,,,,,0.0021
TotalTechnologyAnnualActivityUpperLimit,BAU,CR,LIME_PROD,,,,2025,,,,,,0.0022
TotalTechnologyAnnualActivityUpperLimit,BAU,CR,LIME_PROD,,,,2026,,,,,,0.0022
TotalTechnologyAnnualActivityUpperLimit,BAU,CR,LIME_PROD,,,,2027,,,,,,0.0022
TotalTechnologyAnnualActivityUpperLimit,BAU,CR,LIME_PROD,,,,2028,,,,,,0.0022
TotalTechnologyAnnualActivityUpperLimit,BAU,CR,LIME_PROD,,,,2029,,,,,,0.0023
TotalTechnologyAnnualActivityUpperLimit,BAU,CR,LIME_PROD,,,,2030,,,,,,0.0023
TotalTechnologyAnnualActivityUpperLimit,BAU,CR,LIME_PROD,,,,2031,,,,,,0.0023
TotalTechnologyAnnualActivityUpperLimit,BAU,CR,LIME_PROD,,,,2032,,,,,,0.0024
TotalTechnologyAnnualActivityUpperLimit,BAU,CR,LIME_PROD,,,,2033,,,,,,0.0024
TotalTechnologyAnnualActivityUpperLimit,BAU,CR,LIME_PROD,,,,2034,,,,,,0.0024
TotalTechnologyAnnualActivityUpperLimit,BAU,CR,LIME_PROD,,,,2035,,,,,,0.0024
TotalTechnologyAnnualActivityUpperLimit,BAU,CR,LIME_PROD,,,,2036,,,,,,0.0025
TotalTechnologyAnnualActivityUpperLimit,BAU,CR,LIME_PROD,,,,2037,,,,,,0.0025
TotalTechnologyAnnualActivityUpperLimit,BAU,CR,LIME_PROD,,,,2038,,,,,,0.0025
TotalTechnologyAnnualActivityUpperLimit,BAU,CR,LIME_PROD,,,,2039,,,,,,0.0026
TotalTechnologyAnnualActivityUpperLimit,BAU,CR,LIME_PROD,,,,2040,,,,,,0.0026
TotalTechnologyAnnualActivityUpperLimit,BAU,CR,LIME_PROD,,,,2041,,,,,,0.0026
TotalTechnologyAnnualActivityUpperLimit,BAU,CR,LIME_PROD,,,,2042,,,,,,0.0027
TotalTechnologyAnnualActivityUpperLimit,BAU,CR,LIME_PROD,,,,2043,,,,,,0.0027
TotalTechnologyAnnualActivityUpperLimit,BAU,CR,LIME_PROD,,,,2044,,,,,,0.0027
TotalTechnologyAnnualActivityUpperLimit,BAU,CR,LIME_PROD,,,,2045,,,,,,0.0028
TotalTechnologyAnnualActivityUpperLimit,BAU,CR,LIME_PROD,,,,2046,,,,,,0.0028
TotalTechnologyAnnualActivityUpperLimit,BAU,CR,LIME_PROD,,,,2047,,,,,,0.0028
TotalTechnologyAnnualActivityUpperLimit,BAU,CR,LIME_PROD,,,,2048,,,,,,0.0029
TotalTechnologyAnnualActivityUpperLimit,BAU,CR,LIME_PROD,,,,2049,,,,,,0.0029
TotalTechnologyAnnualActivityUpperLimit,BAU,CR,LIME_PROD,,,,2050,,,,,,0.0029
TotalTechnologyAnnualActivityUpperLimit,BAU,CR,GLASS_PROD,,,,2015,,,,,,0.0169
TotalTechnologyAnnualActivityUpperLimit,BAU,CR,GLASS_PROD,,,,2016,,,,,,0.0163
TotalTechnologyAnnualActivityUpperLimit,BAU,CR,GLASS_PROD,,,,2017,,,,,,0.0167
TotalTechnologyAnnualActivityUpperLimit,BAU,CR,GLASS_PROD,,,,2018,,,,,,0.0176
TotalTechnologyAnnualActivityUpperLimit,BAU,CR,GLASS_PROD,,,,2019,,,,,,0.0187
TotalTechnologyAnnualActivityUpperLimit,BAU,CR,GLASS_PROD,,,,2020,,,,,,0.0198
TotalTechnologyAnnualActivityUpperLimit,BAU,CR,GLASS_PROD,,,,2021,,,,,,0.0209
TotalTechnologyAnnualActivityUpperLimit,BAU,CR,GLASS_PROD,,,,2022,,,,,,0.0222
TotalTechnologyAnnualActivityUpperLimit,BAU,CR,GLASS_PROD,,,,2023,,,,,,0.0235
TotalTechnologyAnnualActivityUpperLimit,BAU,CR,GLASS_PROD,,,,2024,,,,,,0.0249
TotalTechnologyAnnualActivityUpperLimit,BAU,CR,GLASS_PROD,,,,2025,,,,,,0.0263
TotalTechnologyAnnualActivityUpperLimit,BAU,CR,GLASS_PROD,,,,2026,,,,,,0.0279
TotalTechnologyAnnualActivityUpperLimit,BAU,CR,GLASS_PROD,,,,2027,,,,,,0.0295
TotalTechnologyAnnualActivityUpperLimit,BAU,CR,GLASS_PROD,,,,2028,,,,,,0.0312
TotalTechnologyAnnualActivityUpperLimit,BAU,CR,GLASS_PROD,,,,2029,,,,,,0.0331
TotalTechnologyAnnualActivityUpperLimit,BAU,CR,GLASS_PROD,,,,2030,,,,,,0.035
TotalTechnologyAnnualActivityUpperLimit,BAU,CR,GLASS_PROD,,,,2031,,,,,,0.0371
TotalTechnologyAnnualActivityUpperLimit,BAU,CR,GLASS_PROD,,,,2032,,,,,,0.0392
TotalTechnologyAnnualActivityUpperLimit,BAU,CR,GLASS_PROD,,,,2033,,,,,,0.0415
TotalTechnologyAnnualActivityUpperLimit,BAU,CR,GLASS_PROD,,,,2034,,,,,,0.044
TotalTechnologyAnnualActivityUpperLimit,BAU,CR,GLASS_PROD,,,,2035,,,,,,0.0466
TotalTechnologyAnnualActivityUpperLimit,BAU,CR,GLASS_PROD,,,,2036,,,,,,0.0493
TotalTechnologyAnnualActivityUpperLimit,BAU,CR,GLASS_PROD,,,,2037,,,,,,0.0522
TotalTechnologyAnnualActivityUpperLimit,BAU,CR,GLASS_PROD,,,,2038,,,,,,0.0553
TotalTechnologyAnnualActivityUpperLimit,BAU,CR,GLASS_PROD,,,,2039,,,,,,0.0585
TotalTechnologyAnnualActivityUpperLimit,BAU,CR,GLASS_PROD,,,,2040,,,,,,0.062
TotalTechnologyAnnualActivityUpperLimit,BAU,CR,GLASS_PROD,,,,2041,,,,,,0.0656
TotalTechnologyAnnualActivityUpperLimit,BAU,CR,GLASS_PROD,,,,2042,,,,,,0.0694
TotalTechnologyAnnualActivityUpperLimit,BAU,CR,GLASS_PROD,,,,2043,,,,,,0.0735
TotalTechnologyAnnualActivityUpperLimit,BAU,CR,GLASS_PROD,,,,2044,,,,,,0.0778
TotalTechnologyAnnualActivityUpperLimit,BAU,CR,GLASS_PROD,,,,2045,,,,,,0.0824
TotalTechnologyAnnualActivityUpperLimit,BAU,CR,GLASS_PROD,,,,2046,,,,,,0.0873
TotalTechnologyAnnualActivityUpperLimit,BAU,CR,GLASS_PROD,,,,2047,,,,,,0.0924
TotalTechnologyAnnualActivityUpperLimit,BAU,CR,GLASS_PROD,,,,2048,,,,,,0.0978
TotalTechnologyAnnualActivityUpperLimit,BAU,CR,GLASS_PROD,,,,2049,,,,,,0.1036
TotalTechnologyAnnualActivityUpperLimit,BAU,CR,GLASS_PROD,,,,2050,,,,,,0.1096
TotalTechnologyAnnualActivityUpperLimit,BAU,CR,CARBONATE,,,,2015,,,,,,0.0082
TotalTechnologyAnnualActivityUpperLimit,BAU,CR,CARBONATE,,,,2016,,,,,,0.0055
TotalTechnologyAnnualActivityUpperLimit,BAU,CR,CARBONATE,,,,2017,,,,,,0.0101
TotalTechnologyAnnualActivityUpperLimit,BAU,CR,CARBONATE,,,,2018,,,,,,0.0107
TotalTechnologyAnnualActivityUpperLimit,BAU,CR,CARBONATE,,,,2019,,,,,,0.0113
TotalTechnologyAnnualActivityUpperLimit,BAU,CR,CARBONATE,,,,2020,,,,,,0.012
TotalTechnologyAnnualActivityUpperLimit,BAU,CR,CARBONATE,,,,2021,,,,,,0.0127
TotalTechnologyAnnualActivityUpperLimit,BAU,CR,CARBONATE,,,,2022,,,,,,0.0134
TotalTechnologyAnnualActivityUpperLimit,BAU,CR,CARBONATE,,,,2023,,,,,,0.0142
TotalTechnologyAnnualActivityUpperLimit,BAU,CR,CARBONATE,,,,2024,,,,,,0.015
TotalTechnologyAnnualActivityUpperLimit,BAU,CR,CARBONATE,,,,2025,,,,,,0.0159
TotalTechnologyAnnualActivityUpperLimit,BAU,CR,CARBONATE,,,,2026,,,,,,0.0168
TotalTechnologyAnnualActivityUpperLimit,BAU,CR,CARBONATE,,,,2027,,,,,,0.0178
TotalTechnologyAnnualActivityUpperLimit,BAU,CR,CARBONATE,,,,2028,,,,,,0.0188
TotalTechnologyAnnualActivityUpperLimit,BAU,CR,CARBONATE,,,,2029,,,,,,0.0199
TotalTechnologyAnnualActivityUpperLimit,BAU,CR,CARBONATE,,,,2030,,,,,,0.0211
TotalTechnologyAnnualActivityUpperLimit,BAU,CR,CARBONATE,,,,2031,,,,,,0.0223
TotalTechnologyAnnualActivityUpperLimit,BAU,CR,CARBONATE,,,,2032,,,,,,0.0236
TotalTechnologyAnnualActivityUpperLimit,BAU,CR,CARBONATE,,,,2033,,,,,,0.025
TotalTechnologyAnnualActivityUpperLimit,BAU,CR,CARBONATE,,,,2034,,,,,,0.0265
TotalTechnologyAnnualActivityUpperLimit,BAU,CR,CARBONATE,,,,2035,,,,,,0.0281
TotalTechnologyAnnualActivityUpperLimit,BAU,CR,CARBONATE,,,,2036,,,,,,0.0298
TotalTechnologyAnnualActivityUpperLimit,BAU,CR,CARBONATE,,,,2037,,,,,,0.0316
TotalTechnologyAnnualActivityUpperLimit,BAU,CR,CARBONATE,,,,2038,,,,,,0.0335
TotalTechnologyAnnualActivityUpperLimit,BAU,CR,CARBONATE,,,,2039,,,,,,0.0355
TotalTechnologyAnnualActivityUpperLimit,BAU,CR,CARBONATE,,,,2040,,,,,,0.0376
TotalTechnologyAnnualActivityUpperLimit,BAU,CR,CARBONATE,,,,2041,,,,,,0.0398
TotalTechnologyAnnualActivityUpperLimit,BAU,CR,CARBONATE,,,,2042,,,,,,0.0421
TotalTechnologyAnnualActivityUpperLimit,BAU,CR,CARBONATE,,,,2043,,,,,,0.0446
TotalTechnologyAnnualActivityUpperLimit,BAU,CR,CARBONATE,,,,2044,,,,,,0.0472
TotalTechnologyAnnualActivityUpperLimit,BAU,CR,CARBONATE,,,,2045,,,,,,0.05
TotalTechnologyAnnualActivityUpperLimit,BAU,CR,CARBONATE,,,,2046,,,,,,0.0529
TotalTechnologyAnnualActivityUpperLimit,BAU,CR,CARBONATE,,,,2047,,,,,,0.056
TotalTechnologyAnnualActivityUpperLimit,BAU,CR,CARBONATE,,,,2048,,,,,,0.0593
TotalTechnologyAnnualActivityUpperLimit,BAU,CR,CARBONATE,,,,2049,,,,,,0.0628
TotalTechnologyAnnualActivityUpperLimit,BAU,CR,CARBONATE,,,,2050,,,,,,0.0665
TotalTechnologyAnnualActivityUpperLimit,BAU,CR,NITRIC_ACID,,,,2015,,,,,,0.0
TotalTechnologyAnnualActivityUpperLimit,BAU,CR,NITRIC_ACID,,,,2016,,,,,,0.0
TotalTechnologyAnnualActivityUpperLimit,BAU,CR,NITRIC_ACID,,,,2017,,,,,,0.0
TotalTechnologyAnnualActivityUpperLimit,BAU,CR,NITRIC_ACID,,,,2018,,,,,,0.0
TotalTechnologyAnnualActivityUpperLimit,BAU,CR,NITRIC_ACID,,,,2019,,,,,,0.0
TotalTechnologyAnnualActivityUpperLimit,BAU,CR,NITRIC_ACID,,,,2020,,,,,,0.0
TotalTechnologyAnnualActivityUpperLimit,BAU,CR,NITRIC_ACID,,,,2021,,,,,,0.0
TotalTechnologyAnnualActivityUpperLimit,BAU,CR,NITRIC_ACID,,,,2022,,,,,,0.0
TotalTechnologyAnnualActivityUpperLimit,BAU,CR,NITRIC_ACID,,,,2023,,,,,,0.0
TotalTechnologyAnnualActivityUpperLimit,BAU,CR,NITRIC_ACID,,,,2024,,,,,,0.0
TotalTechnologyAnnualActivityUpperLimit,BAU,CR,NITRIC_ACID,,,,2025,,,,,,0.0
TotalTechnologyAnnualActivityUpperLimit,BAU,CR,NITRIC_ACID,,,,2026,,,,,,0.0
TotalTechnologyAnnualActivityUpperLimit,BAU,CR,NITRIC_ACID,,,,2027,,,,,,0.0
TotalTechnologyAnnualActivityUpperLimit,BAU,CR,NITRIC_ACID,,,,2028,,,,,,0.0
TotalTechnologyAnnualActivityUpperLimit,BAU,CR,NITRIC_ACID,,,,2029,,,,,,0.0
TotalTechnologyAnnualActivityUpperLimit,BAU,CR,NITRIC_ACID,,,,2030,,,,,,0.0
TotalTechnologyAnnualActivityUpperLimit,BAU,CR,NITRIC_ACID,,,,2031,,,,,,0.0
TotalTechnologyAnnualActivityUpperLimit,BAU,CR,NITRIC_ACID,,,,2032,,,,,,0.0
TotalTechnologyAnnualActivityUpperLimit,BAU,CR,NITRIC_ACID,,,,2033,,,,,,0.0
TotalTechnologyAnnualActivityUpperLimit,BAU,CR,NITRIC_ACID,,,,2034,,,,,,0.0
TotalTechnologyAnnualActivityUpperLimit,BAU,CR,NITRIC_ACID,,,,2035,,,,,,0.0
TotalTechnologyAnnualActivityUpperLimit,BAU,CR,NITRIC_ACID,,,,2036,,,,,,0.0
TotalTechnologyAnnualActivityUpperLimit,BAU,CR,NITRIC_ACID,,,,2037,,,,,,0.0
TotalTechnologyAnnualActivityUpperLimit,BAU,CR,NITRIC_ACID,,,,2038,,,,,,0.0
TotalTechnologyAnnualActivityUpperLimit,BAU,CR,NITRIC_ACID,,,,2039,,,,,,0.0
TotalTechnologyAnnualActivityUpperLimit,BAU,CR,NITRIC_ACID,,,,2040,,,,,,0.0
TotalTechnologyAnnualActivityUpperLimit,BAU,CR,NITRIC_ACID,,,,2041,,,,,,0.0
TotalTechnologyAnnualActivityUpperLimit,BAU,CR,NITRIC_ACID,,,,2042,,,,,,0.0
TotalTechnologyAnnualActivityUpperLimit,BAU,CR,NITRIC_ACID,,,,2043,,,,,,0.0
TotalTechnologyAnnualActivityUpperLimit,BAU,CR,NITRIC_ACID,,,,2044,,,,,,0.0
TotalTechnologyAnnualActivityUpperLimit,BAU,CR,NITRIC_ACID,,,,2045,,,,,,0.0
TotalTechnologyAnnualActivityUpperLimit,BAU,CR,NITRIC_ACID,,,,2046,,,,,,0.0
TotalTechnologyAnnualActivityUpperLimit,BAU,CR,NITRIC_ACID,,,,2047,,,,,,0.0
TotalTechnologyAnnualActivityUpperLimit,BAU,CR,NITRIC_ACID,,,,2048,,,,,,0.0
TotalTechnologyAnnualActivityUpperLimit,BAU,CR,NITRIC_ACID,,,,2049,,,,,,0.0
TotalTechnologyAnnualActivityUpperLimit,BAU,CR,NITRIC_ACID,,,,2050,,,,,,0.0
TotalTechnologyAnnualActivityUpperLimit,BAU,CR,CARBIDE_PROD,,,,2015,,,,,,0.0003
TotalTechnologyAnnualActivityUpperLimit,BAU,CR,CARBIDE_PROD,,,,2016,,,,,,0.0003
TotalTechnologyAnnualActivityUpperLimit,BAU,CR,CARBIDE_PROD,,,,2017,,,,,,0.0003
TotalTechnologyAnnualActivityUpperLimit,BAU,CR,CARBIDE_PROD,,,,2018,,,,,,0.0003
TotalTechnologyAnnualActivityUpperLimit,BAU,CR,CARBIDE_PROD,,,,2019,,,,,,0.0003
TotalTechnologyAnnualActivityUpperLimit,BAU,CR,CARBIDE_PROD,,,,2020,,,,,,0.0004
TotalTechnologyAnnualActivityUpperLimit,BAU,CR,CARBIDE_PROD,,,,2021,,,,,,0.0004
TotalTechnologyAnnualActivityUpperLimit,BAU,CR,CARBIDE_PROD,,,,2022,,,,,,0.0004
TotalTechnologyAnnualActivityUpperLimit,BAU,CR,CARBIDE_PROD,,,,2023,,,,,,0.0004
TotalTechnologyAnnualActivityUpperLimit,BAU,CR,CARBIDE_PROD,,,,2024,,,,,,0.0005
TotalTechnologyAnnualActivityUpperLimit,BAU,CR,CARBIDE_PROD,,,,2025,,,,,,0.0005
TotalTechnologyAnnualActivityUpperLimit,BAU,CR,CARBIDE_PROD,,,,2026,,,,,,0.0005
TotalTechnologyAnnualActivityUpperLimit,BAU,CR,CARBIDE_PROD,,,,2027,,,,,,0.0005
TotalTechnologyAnnualActivityUpperLimit,BAU,CR,CARBIDE_PROD,,,,2028,,,,,,0.0006
TotalTechnologyAnnualActivityUpperLimit,BAU,CR,CARBIDE_PROD,,,,2029,,,,,,0.0006
TotalTechnologyAnnualActivityUpperLimit,BAU,CR,CARBIDE_PROD,,,,2030,,,,,,0.0006
TotalTechnologyAnnualActivityUpperLimit,BAU,CR,CARBIDE_PROD,,,,2031,,,,,,0.0007
TotalTechnologyAnnualActivityUpperLimit,BAU,CR,CARBIDE_PROD,,,,2032,,,,,,0.0007
TotalTechnologyAnnualActivityUpperLimit,BAU,CR,CARBIDE_PROD,,,,2033,,,,,,0.0008
TotalTechnologyAnnualActivityUpperLimit,BAU,CR,CARBIDE_PROD,,,,2034,,,,,,0.0008
TotalTechnologyAnnualActivityUpperLimit,BAU,CR,CARBIDE_PROD,,,,2035,,,,,,0.0009
TotalTechnologyAnnualActivityUpperLimit,BAU,CR,CARBIDE_PROD,,,,2036,,,,,,0.0009
TotalTechnologyAnnualActivityUpperLimit,BAU,CR,CARBIDE_PROD,,,,2037,,,,,,0.001
TotalTechnologyAnnualActivityUpperLimit,BAU,CR,CARBIDE_PROD,,,,2038,,,,,,0.001
TotalTechnologyAnnualActivityUpperLimit,BAU,CR,CARBIDE_PROD,,,,2039,,,,,,0.0011
TotalTechnologyAnnualActivityUpperLimit,BAU,CR,CARBIDE_PROD,,,,2040,,,,,,0.0011
TotalTechnologyAnnualActivityUpperLimit,BAU,CR,CARBIDE_PROD,,,,2041,,,,,,0.0012
TotalTechnologyAnnualActivityUpperLimit,BAU,CR,CARBIDE_PROD,,,,2042,,,,,,0.0013
TotalTechnologyAnnualActivityUpperLimit,BAU,CR,CARBIDE_PROD,,,,2043,,,,,,0.0014
TotalTechnologyAnnualActivityUpperLimit,BAU,CR,CARBIDE_PROD,,,,2044,,,,,,0.0014
TotalTechnologyAnnualActivityUpperLimit,BAU,CR,CARBIDE_PROD,,,,2045,,,,,,0.0015
TotalTechnologyAnnualActivityUpperLimit,BAU,CR,CARBIDE_PROD,,,,2046,,,,,,0.0016
TotalTechnologyAnnualActivityUpperLimit,BAU,CR,CARBIDE_PROD,,,,2047,,,,,,0.0017
TotalTechnologyAnnualActivityUpperLimit,BAU,CR,CARBIDE_PROD,,,,2048,,,,,,0.0018
TotalTechnologyAnnualActivityUpperLimit,BAU,CR,CARBIDE_PROD,,,,2049,,,,,,0.0019
TotalTechnologyAnnualActivityUpperLimit,BAU,CR,CARBIDE_PROD,,,,2050,,,,,,0.002
TotalTechnologyAnnualActivityUpperLimit,BAU,CR,LUBRI_OILS,,,,2015,,,,,,0.0232
TotalTechnologyAnnualActivityUpperLimit,BAU,CR,LUBRI_OILS,,,,2016,,,,,,0.0251
TotalTechnologyAnnualActivityUpperLimit,BAU,CR,LUBRI_OILS,,,,2017,,,,,,0.0246
TotalTechnologyAnnualActivityUpperLimit,BAU,CR,LUBRI_OILS,,,,2018,,,,,,0.0261
TotalTechnologyAnnualActivityUpperLimit,BAU,CR,LUBRI_OILS,,,,2019,,,,,,0.0276
TotalTechnologyAnnualActivityUpperLimit,BAU,CR,LUBRI_OILS,,,,2020,,,,,,0.0292
TotalTechnologyAnnualActivityUpperLimit,BAU,CR,LUBRI_OILS,,,,2021,,,,,,0.0309
TotalTechnologyAnnualActivityUpperLimit,BAU,CR,LUBRI_OILS,,,,2022,,,,,,0.0328
TotalTechnologyAnnualActivityUpperLimit,BAU,CR,LUBRI_OILS,,,,2023,,,,,,0.0347
TotalTechnologyAnnualActivityUpperLimit,BAU,CR,LUBRI_OILS,,,,2024,,,,,,0.0367
TotalTechnologyAnnualActivityUpperLimit,BAU,CR,LUBRI_OILS,,,,2025,,,,,,0.0389
TotalTechnologyAnnualActivityUpperLimit,BAU,CR,LUBRI_OILS,,,,2026,,,,,,0.0412
TotalTechnologyAnnualActivityUpperLimit,BAU,CR,LUBRI_OILS,,,,2027,,,,,,0.0436
TotalTechnologyAnnualActivityUpperLimit,BAU,CR,LUBRI_OILS,,,,2028,,,,,,0.0461
TotalTechnologyAnnualActivityUpperLimit,BAU,CR,LUBRI_OILS,,,,2029,,,,,,0.0489
TotalTechnologyAnnualActivityUpperLimit,BAU,CR,LUBRI_OILS,,,,2030,,,,,,0.0517
TotalTechnologyAnnualActivityUpperLimit,BAU,CR,LUBRI_OILS,,,,2031,,,,,,0.0548
TotalTechnologyAnnualActivityUpperLimit,BAU,CR,LUBRI_OILS,,,,2032,,,,,,0.058
TotalTechnologyAnnualActivityUpperLimit,BAU,CR,LUBRI_OILS,,,,2033,,,,,,0.0614
TotalTechnologyAnnualActivityUpperLimit,BAU,CR,LUBRI_OILS,,,,2034,,,,,,0.065
TotalTechnologyAnnualActivityUpperLimit,BAU,CR,LUBRI_OILS,,,,2035,,,,,,0.0688
TotalTechnologyAnnualActivityUpperLimit,BAU,CR,LUBRI_OILS,,,,2036,,,,,,0.0728
TotalTechnologyAnnualActivityUpperLimit,BAU,CR,LUBRI_OILS,,,,2037,,,,,,0.0771
TotalTechnologyAnnualActivityUpperLimit,BAU,CR,LUBRI_OILS,,,,2038,,,,,,0.0817
TotalTechnologyAnnualActivityUpperLimit,BAU,CR,LUBRI_OILS,,,,2039,,,,,,0.0864
TotalTechnologyAnnualActivityUpperLimit,BAU,CR,LUBRI_OILS,,,,2040,,,,,,0.0915
TotalTechnologyAnnualActivityUpperLimit,BAU,CR,LUBRI_OILS,,,,2041,,,,,,0.0969
TotalTechnologyAnnualActivityUpperLimit,BAU,CR,LUBRI_OILS,,,,2042,,,,,,0.1026
TotalTechnologyAnnualActivityUpperLimit,BAU,CR,LUBRI_OILS,,,,2043,,,,,,0.1086
TotalTechnologyAnnualActivityUpperLimit,BAU,CR,LUBRI_OILS,,,,2044,,,,,,0.115
TotalTechnologyAnnualActivityUpperLimit,BAU,CR,LUBRI_OILS,,,,2045,,,,,,0.1218
TotalTechnologyAnnualActivityUpperLimit,BAU,CR,LUBRI_OILS,,,,2046,,,,,,0.1289
TotalTechnologyAnnualActivityUpperLimit,BAU,CR,LUBRI_OILS,,,,2047,,,,,,0.1365
TotalTechnologyAnnualActivityUpperLimit,BAU,CR,LUBRI_OILS,,,,2048,,,,,,0.1445
TotalTechnologyAnnualActivityUpperLimit,BAU,CR,LUBRI_OILS,,,,2049,,,,,,0.153
TotalTechnologyAnnualActivityUpperLimit,BAU,CR,LUBRI_OILS,,,,2050,,,,,,0.162
TotalTechnologyAnnualActivityUpperLimit,BAU,CR,LUBRI_GREASE,,,,2015,,,,,,0.0003
TotalTechnologyAnnualActivityUpperLimit,BAU,CR,LUBRI_GREASE,,,,2016,,,,,,0.0002
TotalTechnologyAnnualActivityUpperLimit,BAU,CR,LUBRI_GREASE,,,,2017,,,,,,0.0002
TotalTechnologyAnnualActivityUpperLimit,BAU,CR,LUBRI_GREASE,,,,2018,,,,,,0.0002
TotalTechnologyAnnualActivityUpperLimit,BAU,CR,LUBRI_GREASE,,,,2019,,,,,,0.0002
TotalTechnologyAnnualActivityUpperLimit,BAU,CR,LUBRI_GREASE,,,,2020,,,,,,0.0002
TotalTechnologyAnnualActivityUpperLimit,BAU,CR,LUBRI_GREASE,,,,2021,,,,,,0.0003
TotalTechnologyAnnualActivityUpperLimit,BAU,CR,LUBRI_GREASE,,,,2022,,,,,,0.0003
TotalTechnologyAnnualActivityUpperLimit,BAU,CR,LUBRI_GREASE,,,,2023,,,,,,0.0003
TotalTechnologyAnnualActivityUpperLimit,BAU,CR,LUBRI_GREASE,,,,2024,,,,,,0.0003
TotalTechnologyAnnualActivityUpperLimit,BAU,CR,LUBRI_GREASE,,,,2025,,,,,,0.0003
TotalTechnologyAnnualActivityUpperLimit,BAU,CR,LUBRI_GREASE,,,,2026,,,,,,0.0003
TotalTechnologyAnnualActivityUpperLimit,BAU,CR,LUBRI_GREASE,,,,2027,,,,,,0.0004
TotalTechnologyAnnualActivityUpperLimit,BAU,CR,LUBRI_GREASE,,,,2028,,,,,,0.0004
TotalTechnologyAnnualActivityUpperLimit,BAU,CR,LUBRI_GREASE,,,,2029,,,,,,0.0004
TotalTechnologyAnnualActivityUpperLimit,BAU,CR,LUBRI_GREASE,,,,2030,,,,,,0.0004
TotalTechnologyAnnualActivityUpperLimit,BAU,CR,LUBRI_GREASE,,,,2031,,,,,,0.0005
TotalTechnologyAnnualActivityUpperLimit,BAU,CR,LUBRI_GREASE,,,,2032,,,,,,0.0005
TotalTechnologyAnnualActivityUpperLimit,BAU,CR,LUBRI_GREASE,,,,2033,,,,,,0.0005
TotalTechnologyAnnualActivityUpperLimit,BAU,CR,LUBRI_GREASE,,,,2034,,,,,,0.0005
TotalTechnologyAnnualActivityUpperLimit,BAU,CR,LUBRI_GREASE,,,,2035,,,,,,0.0006
TotalTechnologyAnnualActivityUpperLimit,BAU,CR,LUBRI_GREASE,,,,2036,,,,,,0.0006
TotalTechnologyAnnualActivityUpperLimit,BAU,CR,LUBRI_GREASE,,,,2037,,,,,,0.0006
TotalTechnologyAnnualActivityUpperLimit,BAU,CR,LUBRI_GREASE,,,,2038,,,,,,0.0007
TotalTechnologyAnnualActivityUpperLimit,BAU,CR,LUBRI_GREASE,,,,2039,,,,,,0.0007
TotalTechnologyAnnualActivityUpperLimit,BAU,CR,LUBRI_GREASE,,,,2040,,,,,,0.0008
TotalTechnologyAnnualActivityUpperLimit,BAU,CR,LUBRI_GREASE,,,,2041,,,,,,0.0008
TotalTechnologyAnnualActivityUpperLimit,BAU,CR,LUBRI_GREASE,,,,2042,,,,,,0.0008
TotalTechnologyAnnualActivityUpperLimit,BAU,CR,LUBRI_GREASE,,,,2043,,,,,,0.0009
TotalTechnologyAnnualActivityUpperLimit,BAU,CR,LUBRI_GREASE,,,,2044,,,,,,0.001
TotalTechnologyAnnualActivityUpperLimit,BAU,CR,LUBRI_GREASE,,,,2045,,,,,,0.001
TotalTechnologyAnnualActivityUpperLimit,BAU,CR,LUBRI_GREASE,,,,2046,,,,,,0.0011
TotalTechnologyAnnualActivityUpperLimit,BAU,CR,LUBRI_GREASE,,,,2047,,,,,,0.0011
TotalTechnologyAnnualActivityUpperLimit,BAU,CR,LUBRI_GREASE,,,,2048,,,,,,0.0012
TotalTechnologyAnnualActivityUpperLimit,BAU,CR,LUBRI_GREASE,,,,2049,,,,,,0.0013
TotalTechnologyAnnualActivityUpperLimit,BAU,CR,LUBRI_GREASE,,,,2050,,,,,,0.0013
TotalTechnologyAnnualActivityUpperLimit,BAU,CR,PARAFFIN,,,,2015,,,,,,0.0029
TotalTechnologyAnnualActivityUpperLimit,BAU,CR,PARAFFIN,,,,2016,,,,,,0.0028
TotalTechnologyAnnualActivityUpperLimit,BAU,CR,PARAFFIN,,,,2017,,,,,,0.0027
TotalTechnologyAnnualActivityUpperLimit,BAU,CR,PARAFFIN,,,,2018,,,,,,0.0028
TotalTechnologyAnnualActivityUpperLimit,BAU,CR,PARAFFIN,,,,2019,,,,,,0.003
TotalTechnologyAnnualActivityUpperLimit,BAU,CR,PARAFFIN,,,,2020,,,,,,0.0032
TotalTechnologyAnnualActivityUpperLimit,BAU,CR,PARAFFIN,,,,2021,,,,,,0.0033
TotalTechnologyAnnualActivityUpperLimit,BAU,CR,PARAFFIN,,,,2022,,,,,,0.0035
TotalTechnologyAnnualActivityUpperLimit,BAU,CR,PARAFFIN,,,,2023,,,,,,0.0038
TotalTechnologyAnnualActivityUpperLimit,BAU,CR,PARAFFIN,,,,2024,,,,,,0.004
TotalTechnologyAnnualActivityUpperLimit,BAU,CR,PARAFFIN,,,,2025,,,,,,0.0042
TotalTechnologyAnnualActivityUpperLimit,BAU,CR,PARAFFIN,,,,2026,,,,,,0.0045
TotalTechnologyAnnualActivityUpperLimit,BAU,CR,PARAFFIN,,,,2027,,,,,,0.0047
TotalTechnologyAnnualActivityUpperLimit,BAU,CR,PARAFFIN,,,,2028,,,,,,0.005
TotalTechnologyAnnualActivityUpperLimit,BAU,CR,PARAFFIN,,,,2029,,,,,,0.0053
TotalTechnologyAnnualActivityUpperLimit,BAU,CR,PARAFFIN,,,,2030,,,,,,0.0056
TotalTechnologyAnnualActivityUpperLimit,BAU,CR,PARAFFIN,,,,2031,,,,,,0.0059
TotalTechnologyAnnualActivityUpperLimit,BAU,CR,PARAFFIN,,,,2032,,,,,,0.0063
TotalTechnologyAnnualActivityUpperLimit,BAU,CR,PARAFFIN,,,,2033,,,,,,0.0066
TotalTechnologyAnnualActivityUpperLimit,BAU,CR,PARAFFIN,,,,2034,,,,,,0.007
TotalTechnologyAnnualActivityUpperLimit,BAU,CR,PARAFFIN,,,,2035,,,,,,0.0074
TotalTechnologyAnnualActivityUpperLimit,BAU,CR,PARAFFIN,,,,2036,,,,,,0.0079
TotalTechnologyAnnualActivityUpperLimit,BAU,CR,PARAFFIN,,,,2037,,,,,,0.0083
TotalTechnologyAnnualActivityUpperLimit,BAU,CR,PARAFFIN,,,,2038,,,,,,0.0088
TotalTechnologyAnnualActivityUpperLimit,BAU,CR,PARAFFIN,,,,2039,,,,,,0.0093
TotalTechnologyAnnualActivityUpperLimit,BAU,CR,PARAFFIN,,,,2040,,,,,,0.0099
TotalTechnologyAnnualActivityUpperLimit,BAU,CR,PARAFFIN,,,,2041,,,,,,0.0105
TotalTechnologyAnnualActivityUpperLimit,BAU,CR,PARAFFIN,,,,2042,,,,,,0.0111
TotalTechnologyAnnualActivityUpperLimit,BAU,CR,PARAFFIN,,,,2043,,,,,,0.0117
TotalTechnologyAnnualActivityUpperLimit,BAU,CR,PARAFFIN,,,,2044,,,,,,0.0124
TotalTechnologyAnnualActivityUpperLimit,BAU,CR,PARAFFIN,,,,2045,,,,,,0.0132
TotalTechnologyAnnualActivityUpperLimit,BAU,CR,PARAFFIN,,,,2046,,,,,,0.0139
TotalTechnologyAnnualActivityUpperLimit,BAU,CR,PARAFFIN,,,,2047,,,,,,0.0148
TotalTechnologyAnnualActivityUpperLimit,BAU,CR,PARAFFIN,,,,2048,,,,,,0.0156
TotalTechnologyAnnualActivityUpperLimit,BAU,CR,PARAFFIN,,,,2049,,,,,,0.0165
TotalTechnologyAnnualActivityUpperLimit,BAU,CR,PARAFFIN,,,,2050,,,,,,0.0175
TotalTechnologyAnnualActivityUpperLimit,BAU,CR,IMP_REFR_AC,,,,2015,,,,,,0.5976
TotalTechnologyAnnualActivityUpperLimit,BAU,CR,IMP_REFR_AC,,,,2016,,,,,,0.6055
TotalTechnologyAnnualActivityUpperLimit,BAU,CR,IMP_REFR_AC,,,,2017,,,,,,0.6336
TotalTechnologyAnnualActivityUpperLimit,BAU,CR,IMP_REFR_AC,,,,2018,,,,,,0.6336
TotalTechnologyAnnualActivityUpperLimit,BAU,CR,IMP_REFR_AC,,,,2019,,,,,,0.6336
TotalTechnologyAnnualActivityUpperLimit,BAU,CR,IMP_REFR_AC,,,,2020,,,,,,0.6336
TotalTechnologyAnnualActivityUpperLimit,BAU,CR,IMP_REFR_AC,,,,2021,,,,,,0.6336
TotalTechnologyAnnualActivityUpperLimit,BAU,CR,IMP_REFR_AC,,,,2022,,,,,,0.6336
TotalTechnologyAnnualActivityUpperLimit,BAU,CR,IMP_REFR_AC,,,,2023,,,,,,0.6336
TotalTechnologyAnnualActivityUpperLimit,BAU,CR,IMP_REFR_AC,,,,2024,,,,,,0.6336
TotalTechnologyAnnualActivityUpperLimit,BAU,CR,IMP_REFR_AC,,,,2025,,,,,,0.6336
TotalTechnologyAnnualActivityUpperLimit,BAU,CR,IMP_REFR_AC,,,,2026,,,,,,0.6336
TotalTechnologyAnnualActivityUpperLimit,BAU,CR,IMP_REFR_AC,,,,2027,,,,,,0.6336
TotalTechnologyAnnualActivityUpperLimit,BAU,CR,IMP_REFR_AC,,,,2028,,,,,,0.6336
TotalTechnologyAnnualActivityUpperLimit,BAU,CR,IMP_REFR_AC,,,,2029,,,,,,0.6336
TotalTechnologyAnnualActivityUpperLimit,BAU,CR,IMP_REFR_AC,,,,2030,,,,,,0.6336
TotalTechnologyAnnualActivityUpperLimit,BAU,CR,IMP_REFR_AC,,,,2031,,,,,,0.6336
TotalTechnologyAnnualActivityUpperLimit,BAU,CR,IMP_REFR_AC,,,,2032,,,,,,0.6336
TotalTechnologyAnnualActivityUpperLimit,BAU,CR,IMP_REFR_AC,,,,2033,,,,,,0.6336
TotalTechnologyAnnualActivityUpperLimit,BAU,CR,IMP_REFR_AC,,,,2034,,,,,,0.6336
TotalTechnologyAnnualActivityUpperLimit,BAU,CR,IMP_REFR_AC,,,,2035,,,,,,0.6336
TotalTechnologyAnnualActivityUpperLimit,BAU,CR,IMP_REFR_AC,,,,2036,,,,,,0.6336
TotalTechnologyAnnualActivityUpperLimit,BAU,CR,IMP_REFR_AC,,,,2037,,,,,,0.6336
TotalTechnologyAnnualActivityUpperLimit,BAU,CR,IMP_REFR_AC,,,,2038,,,,,,0.6336
TotalTechnologyAnnualActivityUpperLimit,BAU,CR,IMP_REFR_AC,,,,2039,,,,,,0.6336
TotalTechnologyAnnualActivityUpperLimit,BAU,CR,IMP_REFR_AC,,,,2040,,,,,,0.6336
TotalTechnologyAnnualActivityUpperLimit,BAU,CR,IMP_REFR_AC,,,,2041,,,,,,0.6336
TotalTechnologyAnnualActivityUpperLimit,BAU,CR,IMP_REFR_AC,,,,2042,,,,,,0.6336
TotalTechnologyAnnualActivityUpperLimit,BAU,CR,IMP_REFR_AC,,,,2043,,,,,,0.6336
TotalTechnologyAnnualActivityUpperLimit,BAU,CR,IMP_REFR_AC,,,,2044,,,,,,0.6336
TotalTechnologyAnnualActivityUpperLimit,BAU,CR,IMP_REFR_AC,,,,2045,,,,,,0.6336
TotalTechnologyAnnualActivityUpperLimit,BAU,CR,IMP_REFR_AC,,,,2046,,,,,,0.6336
TotalTechnologyAnnualActivityUpperLimit,BAU,CR,IMP_REFR_AC,,,,2047,,,,,,0.6336
TotalTechnologyAnnualActivityUpperLimit,BAU,CR,IMP_REFR_AC,,,,2048,,,,,,0.6336
TotalTechnologyAnnualActivityUpperLimit,BAU,CR,IMP_REFR_AC,,,,2049,,,,,,0.6336
TotalTechnologyAnnualActivityUpperLimit,BAU,CR,IMP_REFR_AC,,,,2050,,,,,,0.6336
TotalTechnologyAnnualActivityUpperLimit,BAU,CR,FIRE_PROT,,,,2015,,,,,,0.0006
TotalTechnologyAnnualActivityUpperLimit,BAU,CR,FIRE_PROT,,,,2016,,,,,,0.0013
TotalTechnologyAnnualActivityUpperLimit,BAU,CR,FIRE_PROT,,,,2017,,,,,,0.0006
TotalTechnologyAnnualActivityUpperLimit,BAU,CR,FIRE_PROT,,,,2018,,,,,,0.0006
TotalTechnologyAnnualActivityUpperLimit,BAU,CR,FIRE_PROT,,,,2019,,,,,,0.0006
TotalTechnologyAnnualActivityUpperLimit,BAU,CR,FIRE_PROT,,,,2020,,,,,,0.0006
TotalTechnologyAnnualActivityUpperLimit,BAU,CR,FIRE_PROT,,,,2021,,,,,,0.0006
TotalTechnologyAnnualActivityUpperLimit,BAU,CR,FIRE_PROT,,,,2022,,,,,,0.0006
TotalTechnologyAnnualActivityUpperLimit,BAU,CR,FIRE_PROT,,,,2023,,,,,,0.0006
TotalTechnologyAnnualActivityUpperLimit,BAU,CR,FIRE_PROT,,,,2024,,,,,,0.0006
TotalTechnologyAnnualActivityUpperLimit,BAU,CR,FIRE_PROT,,,,2025,,,,,,0.0006
TotalTechnologyAnnualActivityUpperLimit,BAU,CR,FIRE_PROT,,,,2026,,,,,,0.0006
TotalTechnologyAnnualActivityUpperLimit,BAU,CR,FIRE_PROT,,,,2027,,,,,,0.0006
TotalTechnologyAnnualActivityUpperLimit,BAU,CR,FIRE_PROT,,,,2028,,,,,,0.0006
TotalTechnologyAnnualActivityUpperLimit,BAU,CR,FIRE_PROT,,,,2029,,,,,,0.0006
TotalTechnologyAnnualActivityUpperLimit,BAU,CR,FIRE_PROT,,,,2030,,,,,,0.0006
TotalTechnologyAnnualActivityUpperLimit,BAU,CR,FIRE_PROT,,,,2031,,,,,,0.0006
TotalTechnologyAnnualActivityUpperLimit,BAU,CR,FIRE_PROT,,,,2032,,,,,,0.0006
TotalTechnologyAnnualActivityUpperLimit,BAU,CR,FIRE_PROT,,,,2033,,,,,,0.0006
TotalTechnologyAnnualActivityUpperLimit,BAU,CR,FIRE_PROT,,,,2034,,,,,,0.0006
TotalTechnologyAnnualActivityUpperLimit,BAU,CR,FIRE_PROT,,,,2035,,,,,,0.0006
TotalTechnologyAnnualActivityUpperLimit,BAU,CR,FIRE_PROT,,,,2036,,,,,,0.0006
TotalTechnologyAnnualActivityUpperLimit,BAU,CR,FIRE_PROT,,,,2037,,,,,,0.0006
TotalTechnologyAnnualActivityUpperLimit,BAU,CR,FIRE_PROT,,,,2038,,,,,,0.0006
TotalTechnologyAnnualActivityUpperLimit,BAU,CR,FIRE_PROT,,,,2039,,,,,,0.0006
TotalTechnologyAnnualActivityUpperLimit,BAU,CR,FIRE_PROT,,,,2040,,,,,,0.0006
TotalTechnologyAnnualActivityUpperLimit,BAU,CR,FIRE_PROT,,,,2041,,,,,,0.0006
TotalTechnologyAnnualActivityUpperLimit,BAU,CR,FIRE_PROT,,,,2042,,,,,,0.0006
TotalTechnologyAnnualActivityUpperLimit,BAU,CR,FIRE_PROT,,,,2043,,,,,,0.0006
TotalTechnologyAnnualActivityUpperLimit,BAU,CR,FIRE_PROT,,,,2044,,,,,,0.0006
TotalTechnologyAnnualActivityUpperLimit,BAU,CR,FIRE_PROT,,,,2045,,,,,,0.0006
TotalTechnologyAnnualActivityUpperLimit,BAU,CR,FIRE_PROT,,,,2046,,,,,,0.0006
TotalTechnologyAnnualActivityUpperLimit,BAU,CR,FIRE_PROT,,,,2047,,,,,,0.0006
TotalTechnologyAnnualActivityUpperLimit,BAU,CR,FIRE_PROT,,,,2048,,,,,,0.0006
TotalTechnologyAnnualActivityUpperLimit,BAU,CR,FIRE_PROT,,,,2049,,,,,,0.0006
TotalTechnologyAnnualActivityUpperLimit,BAU,CR,FIRE_PROT,,,,2050,,,,,,0.0006
TotalTechnologyAnnualActivityUpperLimit,BAU,CR,AEROSOLS,,,,2015,,,,,,0.0003
TotalTechnologyAnnualActivityUpperLimit,BAU,CR,AEROSOLS,,,,2016,,,,,,0.0003
TotalTechnologyAnnualActivityUpperLimit,BAU,CR,AEROSOLS,,,,2017,,,,,,0.0002
TotalTechnologyAnnualActivityUpperLimit,BAU,CR,AEROSOLS,,,,2018,,,,,,0.0002
TotalTechnologyAnnualActivityUpperLimit,BAU,CR,AEROSOLS,,,,2019,,,,,,0.0002
TotalTechnologyAnnualActivityUpperLimit,BAU,CR,AEROSOLS,,,,2020,,,,,,0.0002
TotalTechnologyAnnualActivityUpperLimit,BAU,CR,AEROSOLS,,,,2021,,,,,,0.0002
TotalTechnologyAnnualActivityUpperLimit,BAU,CR,AEROSOLS,,,,2022,,,,,,0.0002
TotalTechnologyAnnualActivityUpperLimit,BAU,CR,AEROSOLS,,,,2023,,,,,,0.0002
TotalTechnologyAnnualActivityUpperLimit,BAU,CR,AEROSOLS,,,,2024,,,,,,0.0002
TotalTechnologyAnnualActivityUpperLimit,BAU,CR,AEROSOLS,,,,2025,,,,,,0.0002
TotalTechnologyAnnualActivityUpperLimit,BAU,CR,AEROSOLS,,,,2026,,,,,,0.0002
TotalTechnologyAnnualActivityUpperLimit,BAU,CR,AEROSOLS,,,,2027,,,,,,0.0002
TotalTechnologyAnnualActivityUpperLimit,BAU,CR,AEROSOLS,,,,2028,,,,,,0.0002
TotalTechnologyAnnualActivityUpperLimit,BAU,CR,AEROSOLS,,,,2029,,,,,,0.0002
TotalTechnologyAnnualActivityUpperLimit,BAU,CR,AEROSOLS,,,,2030,,,,,,0.0002
TotalTechnologyAnnualActivityUpperLimit,BAU,CR,AEROSOLS,,,,2031,,,,,,0.0002
TotalTechnologyAnnualActivityUpperLimit,BAU,CR,AEROSOLS,,,,2032,,,,,,0.0002
TotalTechnologyAnnualActivityUpperLimit,BAU,CR,AEROSOLS,,,,2033,,,,,,0.0002
TotalTechnologyAnnualActivityUpperLimit,BAU,CR,AEROSOLS,,,,2034,,,,,,0.0002
TotalTechnologyAnnualActivityUpperLimit,BAU,CR,AEROSOLS,,,,2035,,,,,,0.0002
TotalTechnologyAnnualActivityUpperLimit,BAU,CR,AEROSOLS,,,,2036,,,,,,0.0002
TotalTechnologyAnnualActivityUpperLimit,BAU,CR,AEROSOLS,,,,2037,,,,,,0.0002
TotalTechnologyAnnualActivityUpperLimit,BAU,CR,AEROSOLS,,,,2038,,,,,,0.0002
TotalTechnologyAnnualActivityUpperLimit,BAU,CR,AEROSOLS,,,,2039,,,,,,0.0002
TotalTechnologyAnnualActivityUpperLimit,BAU,CR,AEROSOLS,,,,2040,,,,,,0.0002
TotalTechnologyAnnualActivityUpperLimit,BAU,CR,AEROSOLS,,,,2041,,,,,,0.0002
TotalTechnologyAnnualActivityUpperLimit,BAU,CR,AEROSOLS,,,,2042,,,,,,0.0002
TotalTechnologyAnnualActivityUpperLimit,BAU,CR,AEROSOLS,,,,2043,,,,,,0.0002
TotalTechnologyAnnualActivityUpperLimit,BAU,CR,AEROSOLS,,,,2044,,,,,,0.0002
TotalTechnologyAnnualActivityUpperLimit,BAU,CR,AEROSOLS,,,,2045,,,,,,0.0002
TotalTechnologyAnnualActivityUpperLimit,BAU,CR,AEROSOLS,,,,2046,,,,,,0.0002
TotalTechnologyAnnualActivityUpperLimit,BAU,CR,AEROSOLS,,,,2047,,,,,,0.0002
TotalTechnologyAnnualActivityUpperLimit,BAU,CR,AEROSOLS,,,,2048,,,,,,0.0002
TotalTechnologyAnnualActivityUpperLimit,BAU,CR,AEROSOLS,,,,2049,,,,,,0.0002
TotalTechnologyAnnualActivityUpperLimit,BAU,CR,AEROSOLS,,,,2050,,,,,,0.0002
TotalTechnologyAnnualActivityUpperLimit,BAU,CR,FLUOR_GLASS,,,,2015,,,,,,0.0035
TotalTechnologyAnnualActivityUpperLimit,BAU,CR,FLUOR_GLASS,,,,2016,,,,,,0.0034
TotalTechnologyAnnualActivityUpperLimit,BAU,CR,FLUOR_GLASS,,,,2017,,,,,,0.002
TotalTechnologyAnnualActivityUpperLimit,BAU,CR,FLUOR_GLASS,,,,2018,,,,,,0.002
TotalTechnologyAnnualActivityUpperLimit,BAU,CR,FLUOR_GLASS,,,,2019,,,,,,0.002
TotalTechnologyAnnualActivityUpperLimit,BAU,CR,FLUOR_GLASS,,,,2020,,,,,,0.002
TotalTechnologyAnnualActivityUpperLimit,BAU,CR,FLUOR_GLASS,,,,2021,,,,,,0.002
TotalTechnologyAnnualActivityUpperLimit,BAU,CR,FLUOR_GLASS,,,,2022,,,,,,0.002
TotalTechnologyAnnualActivityUpperLimit,BAU,CR,FLUOR_GLASS,,,,2023,,,,,,0.002
TotalTechnologyAnnualActivityUpperLimit,BAU,CR,FLUOR_GLASS,,,,2024,,,,,,0.002
TotalTechnologyAnnualActivityUpperLimit,BAU,CR,FLUOR_GLASS,,,,2025,,,,,,0.002
TotalTechnologyAnnualActivityUpperLimit,BAU,CR,FLUOR_GLASS,,,,2026,,,,,,0.002
TotalTechnologyAnnualActivityUpperLimit,BAU,CR,FLUOR_GLASS,,,,2027,,,,,,0.002
TotalTechnologyAnnualActivityUpperLimit,BAU,CR,FLUOR_GLASS,,,,2028,,,,,,0.002
TotalTechnologyAnnualActivityUpperLimit,BAU,CR,FLUOR_GLASS,,,,2029,,,,,,0.002
TotalTechnologyAnnualActivityUpperLimit,BAU,CR,FLUOR_GLASS,,,,2030,,,,,,0.002
TotalTechnologyAnnualActivityUpperLimit,BAU,CR,FLUOR_GLASS,,,,2031,,,,,,0.002
TotalTechnologyAnnualActivityUpperLimit,BAU,CR,FLUOR_GLASS,,,,2032,,,,,,0.002
TotalTechnologyAnnualActivityUpperLimit,BAU,CR,FLUOR_GLASS,,,,2033,,,,,,0.002
TotalTechnologyAnnualActivityUpperLimit,BAU,CR,FLUOR_GLASS,,,,2034,,,,,,0.002
TotalTechnologyAnnualActivityUpperLimit,BAU,CR,FLUOR_GLASS,,,,2035,,,,,,0.002
TotalTechnologyAnnualActivityUpperLimit,BAU,CR,FLUOR_GLASS,,,,2036,,,,,,0.002
TotalTechnologyAnnualActivityUpperLimit,BAU,CR,FLUOR_GLASS,,,,2037,,,,,,0.002
TotalTechnologyAnnualActivityUpperLimit,BAU,CR,FLUOR_GLASS,,,,2038,,,,,,0.002
TotalTechnologyAnnualActivityUpperLimit,BAU,CR,FLUOR_GLASS,,,,2039,,,,,,0.002
TotalTechnologyAnnualActivityUpperLimit,BAU,CR,FLUOR_GLASS,,,,2040,,,,,,0.002
TotalTechnologyAnnualActivityUpperLimit,BAU,CR,FLUOR_GLASS,,,,2041,,,,,,0.002
TotalTechnologyAnnualActivityUpperLimit,BAU,CR,FLUOR_GLASS,,,,2042,,,,,,0.002
TotalTechnologyAnnualActivityUpperLimit,BAU,CR,FLUOR_GLASS,,,,2043,,,,,,0.002
TotalTechnologyAnnualActivityUpperLimit,BAU,CR,FLUOR_GLASS,,,,2044,,,,,,0.002
TotalTechnologyAnnualActivityUpperLimit,BAU,CR,FLUOR_GLASS,,,,2045,,,,,,0.002
TotalTechnologyAnnualActivityUpperLimit,BAU,CR,FLUOR_GLASS,,,,2046,,,,,,0.002
TotalTechnologyAnnualActivityUpperLimit,BAU,CR,FLUOR_GLASS,,,,2047,,,,,,0.002
TotalTechnologyAnnualActivityUpperLimit,BAU,CR,FLUOR_GLASS,,,,2048,,,,,,0.002
TotalTechnologyAnnualActivityUpperLimit,BAU,CR,FLUOR_GLASS,,,,2049,,,,,,0.002
TotalTechnologyAnnualActivityUpperLimit,BAU,CR,FLUOR_GLASS,,,,2050,,,,,,0.002
TotalTechnologyAnnualActivityUpperLimit,BAU,CR,SF6_USE,,,,2015,,,,,,0.081
TotalTechnologyAnnualActivityUpperLimit,BAU,CR,SF6_USE,,,,2016,,,,,,0.057
TotalTechnologyAnnualActivityUpperLimit,BAU,CR,SF6_USE,,,,2017,,,,,,0.0164
TotalTechnologyAnnualActivityUpperLimit,BAU,CR,SF6_USE,,,,2018,,,,,,0.0167
TotalTechnologyAnnualActivityUpperLimit,BAU,CR,SF6_USE,,,,2019,,,,,,0.017
TotalTechnologyAnnualActivityUpperLimit,BAU,CR,SF6_USE,,,,2020,,,,,,0.0173
TotalTechnologyAnnualActivityUpperLimit,BAU,CR,SF6_USE,,,,2021,,,,,,0.0176
TotalTechnologyAnnualActivityUpperLimit,BAU,CR,SF6_USE,,,,2022,,,,,,0.0179
TotalTechnologyAnnualActivityUpperLimit,BAU,CR,SF6_USE,,,,2023,,,,,,0.0183
TotalTechnologyAnnualActivityUpperLimit,BAU,CR,SF6_USE,,,,2024,,,,,,0.0186
TotalTechnologyAnnualActivityUpperLimit,BAU,CR,SF6_USE,,,,2025,,,,,,0.0189
TotalTechnologyAnnualActivityUpperLimit,BAU,CR,SF6_USE,,,,2026,,,,,,0.0193
TotalTechnologyAnnualActivityUpperLimit,BAU,CR,SF6_USE,,,,2027,,,,,,0.0196
TotalTechnologyAnnualActivityUpperLimit,BAU,CR,SF6_USE,,,,2028,,,,,,0.02
TotalTechnologyAnnualActivityUpperLimit,BAU,CR,SF6_USE,,,,2029,,,,,,0.0204
TotalTechnologyAnnualActivityUpperLimit,BAU,CR,SF6_USE,,,,2030,,,,,,0.0207
TotalTechnologyAnnualActivityUpperLimit,BAU,CR,SF6_USE,,,,2031,,,,,,0.0211
TotalTechnologyAnnualActivityUpperLimit,BAU,CR,SF6_USE,,,,2032,,,,,,0.0215
TotalTechnologyAnnualActivityUpperLimit,BAU,CR,SF6_USE,,,,2033,,,,,,0.0219
TotalTechnologyAnnualActivityUpperLimit,BAU,CR,SF6_USE,,,,2034,,,,,,0.0223
TotalTechnologyAnnualActivityUpperLimit,BAU,CR,SF6_USE,,,,2035,,,,,,0.0227
TotalTechnologyAnnualActivityUpperLimit,BAU,CR,SF6_USE,,,,2036,,,,,,0.0231
TotalTechnologyAnnualActivityUpperLimit,BAU,CR,SF6_USE,,,,2037,,,,,,0.0235
TotalTechnologyAnnualActivityUpperLimit,BAU,CR,SF6_USE,,,,2038,,,,,,0.0239
TotalTechnologyAnnualActivityUpperLimit,BAU,CR,SF6_USE,,,,2039,,,,,,0.0244
TotalTechnologyAnnualActivityUpperLimit,BAU,CR,SF6_USE,,,,2040,,,,,,0.0248
TotalTechnologyAnnualActivityUpperLimit,BAU,CR,SF6_USE,,,,2041,,,,,,0.0253
TotalTechnologyAnnualActivityUpperLimit,BAU,CR,SF6_USE,,,,2042,,,,,,0.0257
TotalTechnologyAnnualActivityUpperLimit,BAU,CR,SF6_USE,,,,2043,,,,,,0.0262
TotalTechnologyAnnualActivityUpperLimit,BAU,CR,SF6_USE,,,,2044,,,,,,0.0267
TotalTechnologyAnnualActivityUpperLimit,BAU,CR,SF6_USE,,,,2045,,,,,,0.0272
TotalTechnologyAnnualActivityUpperLimit,BAU,CR,SF6_USE,,,,2046,,,,,,0.0277
TotalTechnologyAnnualActivityUpperLimit,BAU,CR,SF6_USE,,,,2047,,,,,,0.0282
TotalTechnologyAnnualActivityUpperLimit,BAU,CR,SF6_USE,,,,2048,,,,,,0.0287
TotalTechnologyAnnualActivityUpperLimit,BAU,CR,SF6_USE,,,,2049,,,,,,0.0292
TotalTechnologyAnnualActivityUpperLimit,BAU,CR,SF6_USE,,,,2050,,,,,,0.0297
TotalTechnologyAnnualActivityUpperLimit,BAU,CR,PROD_CLK_TRAD,,,,2015,,,,,,1.2978
TotalTechnologyAnnualActivityUpperLimit,BAU,CR,PROD_CLK_TRAD,,,,2016,,,,,,1.2969
TotalTechnologyAnnualActivityUpperLimit,BAU,CR,PROD_CLK_TRAD,,,,2017,,,,,,1.3814
TotalTechnologyAnnualActivityUpperLimit,BAU,CR,PROD_CLK_TRAD,,,,2018,,,,,,1.3985
TotalTechnologyAnnualActivityUpperLimit,BAU,CR,PROD_CLK_TRAD,,,,2019,,,,,,1.4159
TotalTechnologyAnnualActivityUpperLimit,BAU,CR,PROD_CLK_TRAD,,,,2020,,,,,,1.4334
TotalTechnologyAnnualActivityUpperLimit,BAU,CR,PROD_CLK_TRAD,,,,2021,,,,,,1.4513
TotalTechnologyAnnualActivityUpperLimit,BAU,CR,PROD_CLK_TRAD,,,,2022,,,,,,1.4693
TotalTechnologyAnnualActivityUpperLimit,BAU,CR,PROD_CLK_TRAD,,,,2023,,,,,,1.4876
TotalTechnologyAnnualActivityUpperLimit,BAU,CR,PROD_CLK_TRAD,,,,2024,,,,,,1.5061
TotalTechnologyAnnualActivityUpperLimit,BAU,CR,PROD_CLK_TRAD,,,,2025,,,,,,1.5248
TotalTechnologyAnnualActivityUpperLimit,BAU,CR,PROD_CLK_TRAD,,,,2026,,,,,,1.5438
TotalTechnologyAnnualActivityUpperLimit,BAU,CR,PROD_CLK_TRAD,,,,2027,,,,,,1.5629
TotalTechnologyAnnualActivityUpperLimit,BAU,CR,PROD_CLK_TRAD,,,,2028,,,,,,1.5824
TotalTechnologyAnnualActivityUpperLimit,BAU,CR,PROD_CLK_TRAD,,,,2029,,,,,,1.6021
TotalTechnologyAnnualActivityUpperLimit,BAU,CR,PROD_CLK_TRAD,,,,2030,,,,,,1.6219
TotalTechnologyAnnualActivityUpperLimit,BAU,CR,PROD_CLK_TRAD,,,,2031,,,,,,1.6421
TotalTechnologyAnnualActivityUpperLimit,BAU,CR,PROD_CLK_TRAD,,,,2032,,,,,,1.6625
TotalTechnologyAnnualActivityUpperLimit,BAU,CR,PROD_CLK_TRAD,,,,2033,,,,,,1.6832
TotalTechnologyAnnualActivityUpperLimit,BAU,CR,PROD_CLK_TRAD,,,,2034,,,,,,1.7041
TotalTechnologyAnnualActivityUpperLimit,BAU,CR,PROD_CLK_TRAD,,,,2035,,,,,,1.7253
TotalTechnologyAnnualActivityUpperLimit,BAU,CR,PROD_CLK_TRAD,,,,2036,,,,,,1.7468
TotalTechnologyAnnualActivityUpperLimit,BAU,CR,PROD_CLK_TRAD,,,,2037,,,,,,1.7685
TotalTechnologyAnnualActivityUpperLimit,BAU,CR,PROD_CLK_TRAD,,,,2038,,,,,,1.7904
TotalTechnologyAnnualActivityUpperLimit,BAU,CR,PROD_CLK_TRAD,,,,2039,,,,,,1.8127
TotalTechnologyAnnualActivityUpperLimit,BAU,CR,PROD_CLK_TRAD,,,,2040,,,,,,1.8352
TotalTechnologyAnnualActivityUpperLimit,BAU,CR,PROD_CLK_TRAD,,,,2041,,,,,,1.8581
TotalTechnologyAnnualActivityUpperLimit,BAU,CR,PROD_CLK_TRAD,,,,2042,,,,,,1.8812
TotalTechnologyAnnualActivityUpperLimit,BAU,CR,PROD_CLK_TRAD,,,,2043,,,,,,1.9045
TotalTechnologyAnnualActivityUpperLimit,BAU,CR,PROD_CLK_TRAD,,,,2044,,,,,,1.9282
TotalTechnologyAnnualActivityUpperLimit,BAU,CR,PROD_CLK_TRAD,,,,2045,,,,,,1.9521
TotalTechnologyAnnualActivityUpperLimit,BAU,CR,PROD_CLK_TRAD,,,,2046,,,,,,1.9764
TotalTechnologyAnnualActivityUpperLimit,BAU,CR,PROD_CLK_TRAD,,,,2047,,,,,,2.001
TotalTechnologyAnnualActivityUpperLimit,BAU,CR,PROD_CLK_TRAD,,,,2048,,,,,,2.0258
TotalTechnologyAnnualActivityUpperLimit,BAU,CR,PROD_CLK_TRAD,,,,2049,,,,,,2.051
TotalTechnologyAnnualActivityUpperLimit,BAU,CR,PROD_CLK_TRAD,,,,2050,,,,,,2.0765
TotalTechnologyAnnualActivityUpperLimit,BAU,CR,PROD_CEM,,,,2015,,,,,,1.8539
TotalTechnologyAnnualActivityUpperLimit,BAU,CR,PROD_CEM,,,,2016,,,,,,1.8526
TotalTechnologyAnnualActivityUpperLimit,BAU,CR,PROD_CEM,,,,2017,,,,,,1.9733
TotalTechnologyAnnualActivityUpperLimit,BAU,CR,PROD_CEM,,,,2018,,,,,,1.9978
TotalTechnologyAnnualActivityUpperLimit,BAU,CR,PROD_CEM,,,,2019,,,,,,2.0226
TotalTechnologyAnnualActivityUpperLimit,BAU,CR,PROD_CEM,,,,2020,,,,,,2.0477
TotalTechnologyAnnualActivityUpperLimit,BAU,CR,PROD_CEM,,,,2021,,,,,,2.0732
TotalTechnologyAnnualActivityUpperLimit,BAU,CR,PROD_CEM,,,,2022,,,,,,2.099
TotalTechnologyAnnualActivityUpperLimit,BAU,CR,PROD_CEM,,,,2023,,,,,,2.1251
TotalTechnologyAnnualActivityUpperLimit,BAU,CR,PROD_CEM,,,,2024,,,,,,2.1515
TotalTechnologyAnnualActivityUpperLimit,BAU,CR,PROD_CEM,,,,2025,,,,,,2.1782
TotalTechnologyAnnualActivityUpperLimit,BAU,CR,PROD_CEM,,,,2026,,,,,,2.2053
TotalTechnologyAnnualActivityUpperLimit,BAU,CR,PROD_CEM,,,,2027,,,,,,2.2327
TotalTechnologyAnnualActivityUpperLimit,BAU,CR,PROD_CEM,,,,2028,,,,,,2.2605
TotalTechnologyAnnualActivityUpperLimit,BAU,CR,PROD_CEM,,,,2029,,,,,,2.2886
TotalTechnologyAnnualActivityUpperLimit,BAU,CR,PROD_CEM,,,,2030,,,,,,2.317
TotalTechnologyAnnualActivityUpperLimit,BAU,CR,PROD_CEM,,,,2031,,,,,,2.3458
TotalTechnologyAnnualActivityUpperLimit,BAU,CR,PROD_CEM,,,,2032,,,,,,2.375
TotalTechnologyAnnualActivityUpperLimit,BAU,CR,PROD_CEM,,,,2033,,,,,,2.4045
TotalTechnologyAnnualActivityUpperLimit,BAU,CR,PROD_CEM,,,,2034,,,,,,2.4344
TotalTechnologyAnnualActivityUpperLimit,BAU,CR,PROD_CEM,,,,2035,,,,,,2.4647
TotalTechnologyAnnualActivityUpperLimit,BAU,CR,PROD_CEM,,,,2036,,,,,,2.4953
TotalTechnologyAnnualActivityUpperLimit,BAU,CR,PROD_CEM,,,,2037,,,,,,2.5263
TotalTechnologyAnnualActivityUpperLimit,BAU,CR,PROD_CEM,,,,2038,,,,,,2.5577
TotalTechnologyAnnualActivityUpperLimit,BAU,CR,PROD_CEM,,,,2039,,,,,,2.5895
TotalTechnologyAnnualActivityUpperLimit,BAU,CR,PROD_CEM,,,,2040,,,,,,2.6217
TotalTechnologyAnnualActivityUpperLimit,BAU,CR,PROD_CEM,,,,2041,,,,,,2.6543
TotalTechnologyAnnualActivityUpperLimit,BAU,CR,PROD_CEM,,,,2042,,,,,,2.6873
TotalTechnologyAnnualActivityUpperLimit,BAU,CR,PROD_CEM,,,,2043,,,,,,2.7207
TotalTechnologyAnnualActivityUpperLimit,BAU,CR,PROD_CEM,,,,2044,,,,,,2.7545
TotalTechnologyAnnualActivityUpperLimit,BAU,CR,PROD_CEM,,,,2045,,,,,,2.7887
TotalTechnologyAnnualActivityUpperLimit,BAU,CR,PROD_CEM,,,,2046,,,,,,2.8234
TotalTechnologyAnnualActivityUpperLimit,BAU,CR,PROD_CEM,,,,2047,,,,,,2.8585
TotalTechnologyAnnualActivityUpperLimit,BAU,CR,PROD_CEM,,,,2048,,,,,,2.894
TotalTechnologyAnnualActivityUpperLimit,BAU,CR,PROD_CEM,,,,2049,,,,,,2.93
TotalTechnologyAnnualActivityUpperLimit,BAU,CR,PROD_CEM,,,,2050,,,,,,2.9664
